ID,customerEmail,customerFirstName,customerLastName,customerCity,customerState,customerAddress,customerZIP,customerPhone,store_ID
1,,,,South Ahmed,Louisiana,,74554,1-472-912-8225,2389
2,,occaecati,,Kennaport,Virginia,2100 Kuhlman Flat Apt. 390,75988,,2407
3,,,,Jazmyneland,Ohio,,75873-2063,1-286-315-2711x0062,2357
4,antonietta48@example.org,mollitia,voluptatem,Lake Jazmyne,Indiana,07017 Antonietta Circles Apt. 251,25128,494.333.5852x099,2375
5,,voluptatum,,Christineport,SouthDakota,40344 McLaughlin Hill,37104-1259,,2407
6,rlittle@example.com,,,Lake Ashleigh,Texas,07202 Elenora Dale Suite 415,83188-0037,,2363
7,,error,,North Rickview,Massachusetts,,37613,,2376
8,,,,Lilianeside,Idaho,,91717-5098,,2383
9,cleora19@example.net,hic,quas,West Sheila,Louisiana,243 Fadel Harbors,63990,(312)654-0935,2369
10,omacejkovic@example.net,,,Lake Gust,Maryland,,41396-3390,,2370
11,,,,New Keith,Alabama,4404 Guadalupe Shoals Apt. 236,28655,,2404
12,,,,South Jasper,Louisiana,,57083,(278)266-1491x9484,2411
13,nikolaus.rose@example.org,libero,aperiam,Halvorsonburgh,Kansas,,47957,,2364
14,bergnaum.margot@example.net,,et,Lake Esteban,Illinois,35908 Araceli Ports Apt. 494,36729,,2408
15,,,deserunt,East Calefurt,Florida,904 Predovic Islands,70430-2606,1-360-533-2897,2366
16,kschmidt@example.org,,asperiores,Haleyton,Louisiana,58832 Jorge Islands Suite 868,67379,,2406
17,daija08@example.com,aut,,Hansenport,Alabama,,12069-9887,,2356
18,swillms@example.net,consequuntur,quia,Jackshire,Indiana,973 Daisha Crossroad,91131-0287,+83(2)7380407418,2383
19,celine18@example.org,numquam,accusantium,Dominicbury,Kentucky,410 Swaniawski Spurs,19917-4587,,2402
20,river67@example.net,reprehenderit,corporis,South Frederic,Arizona,5011 Hammes Viaduct,8057,(419)755-1788,2393
21,hyatt.zane@example.com,,,Lake Alexandro,Washington,,79568-5102,,2372
22,cleannon@example.net,suscipit,ipsa,Jazmynport,NewHampshire,268 Witting Road,48083-7260,,2388
23,,perspiciatis,quaerat,Hilpertland,SouthCarolina,451 Tina Drive,43447-0142,(643)851-1371x475,2375
24,lrosenbaum@example.com,,,Cruickshankfort,Hawaii,,31767-3771,,2380
25,,,quo,East Carmellamouth,District of Columbia,,41125-8071,7972867015,2405
26,,consequatur,,North Johanna,Vermont,,78062,,2353
27,,quo,,South Lelamouth,Kansas,0383 Dewayne Isle Suite 411,43058-2167,,2410
28,haag.macie@example.net,sit,,Lake Russhaven,NorthCarolina,061 Clarabelle Valleys Suite 902,51320,184.998.5488x948,2369
29,,perferendis,,South Nick,Colorado,548 Dannie Mission,27269,,2405
30,chaley@example.net,ut,,Trentonbury,Michigan,,76778-9822,,2348
31,,,,North Tyshawnberg,Alaska,87927 Gladys Green,91936-8714,,2369
32,,,,Cliffordchester,SouthCarolina,,13680,,2363
33,,,,Uptonmouth,Maryland,87451 Andreane Light Suite 985,22444-4511,1-723-601-1303,2400
34,mcremin@example.net,,,North Madilynport,NewJersey,,32375-2924,,2385
35,mcglynn.antwon@example.com,voluptatem,,West Ardithborough,Nebraska,,38134,(018)669-6538x375,2411
36,halvorson.golden@example.com,,quae,Pearlineborough,Washington,3768 Jeanette Trafficway,30500,,2390
37,,labore,,West Isidro,NorthDakota,,1052,,2406
38,,aliquam,minus,New Oletamouth,Arkansas,,46306-3125,1-059-799-6913x68892,2399
39,,veniam,qui,Port Jaime,Louisiana,0568 Kyleigh Stream Suite 213,69829-5103,(487)321-8748,2391
40,bergstrom.brandi@example.com,voluptas,qui,Gutmannbury,Washington,53887 Kreiger Avenue,73897-7295,,2397
41,,harum,,Champlinfurt,Colorado,8958 Rahul Turnpike Apt. 458,46148-2213,,2371
42,,,,Leeville,NorthCarolina,,53169-8274,7680703213,2388
43,grenner@example.org,modi,,Heathcoteburgh,Connecticut,1795 Rebecca Dam,37518-5206,188.823.6919,2362
44,,,dolor,North Sanfordtown,Minnesota,,3810,079-886-6971,2361
45,eduardo.berge@example.com,molestiae,,East Jude,Louisiana,621 McCullough Drive Suite 644,51873-6043,,2373
46,nreinger@example.com,,,New Adrien,NewHampshire,16106 Prohaska Groves Suite 719,75319-8504,631.205.4027x75798,2372
47,,,maiores,Jacobsside,Ohio,,4121,+18(2)3969789328,2347
48,esteban.herzog@example.org,,,Port Addisonshire,Texas,12808 Kenton View,41342,+36(3)5411985058,2391
49,,alias,officia,South Clairshire,Maine,,12439-5599,(431)313-4055,2383
50,simonis.bradley@example.com,,,North Lorenamouth,NorthCarolina,075 Nina Garden Apt. 767,66433-8000,,2383
51,,perspiciatis,dolore,Lake Jadynfort,Connecticut,,32178-1194,3282330868,2400
52,,dolor,,East Caitlynborough,District of Columbia,41302 Lueilwitz Plaza Apt. 923,45704-1043,1-868-993-8475x1942,2384
53,,,,Lednerside,Maryland,2266 Wyman Stravenue Suite 152,91724,(640)957-8335,2356
54,,porro,,Lake Malvinaport,Mississippi,,7497,,2373
55,clemmie.stroman@example.org,,fuga,North Griffinside,Massachusetts,8470 Dagmar Ferry Apt. 649,69357,,2365
56,,,temporibus,Randallberg,Idaho,318 Heathcote Forks Suite 989,30554,1-380-315-9328,2399
57,brooklyn04@example.net,,,Lindgrenside,Tennessee,9434 Brown Camp Suite 163,77291,1-344-365-0775,2410
58,dante.klocko@example.net,,odit,Sauertown,Missouri,776 Rosie Lock Apt. 984,22810,9372748730,2394
59,sjacobi@example.org,,,Mrazmouth,Texas,,00494-9312,,2384
60,cynthia.schmeler@example.net,,id,Rodriguezburgh,SouthDakota,2648 Anastacio Overpass Apt. 450,76145,966.691.1803x37503,2350
61,,reiciendis,,Lake Francesca,Mississippi,28873 Marguerite Branch,4440,1-201-481-5274x201,2370
62,lamar98@example.net,rem,nesciunt,Abigalehaven,Georgia,768 Schmeler Crossing Suite 572,51655,(942)303-7363x24132,2406
63,swift.rocky@example.net,qui,,Keelingmouth,Wyoming,0888 Durgan Summit Suite 051,58865,(197)729-2693x084,2378
64,kyla73@example.org,,,Damienview,Wyoming,,73138,,2401
65,,praesentium,vitae,North Quinten,Oregon,9637 D'Amore Vista Apt. 802,59707,,2349
66,cruickshank.forest@example.com,ad,commodi,East Hosea,NewJersey,,65868-4070,,2410
67,nels.altenwerth@example.com,,,Hirthefurt,Pennsylvania,,34956,,2353
68,,,aut,New Hilario,WestVirginia,72885 Jacobson Prairie Suite 346,33354,,2373
69,ratke.alysson@example.org,,nemo,Bereniceberg,Delaware,,75859-7151,(884)208-9153x236,2356
70,sauer.tara@example.com,omnis,ipsa,Cassinberg,NewMexico,,10738,,2403
