ID,productUPC,productName,productPrice,productType,productBrand,productDescription
1,834,ALÄNG,566,Bedroom,All-Steel Equipment Company,Cupiditate sit dolorem laudantium laudantium est. Incidunt facilis molestiae necessitatibus voluptatibus natus aspernatur laborum. Itaque deleniti consequuntur et et dolores. Sed ut quibusdam aut.
2,246,ALLEMANSRÄTTEN,827,Bathroom,American Seating,Voluptas nihil dolorem explicabo. Numquam temporibus tempore non sit. Eum tenetur beatae distinctio quia vel. Minus et maiores praesentium doloremque minima dignissimos recusandae.
3,257,ANDREA,514,Kitchen,American Signature,Voluptatibus voluptas quibusdam illum ut praesentium explicabo temporibus. Deleniti occaecati blanditiis vel ex optio. Nisi est qui perspiciatis nostrum. Reprehenderit quia aut asperiores consequuntur quis.
4,354,ANILINARE,896,Living room,Arflex,Non et adipisci cum aperiam libero. Consequatur unde nisi nam delectus. Libero maxime est repellendus. Et accusamus in assumenda.
5,465,ANVÄNDBAR,595,Outdoor,Artek (company),Sed necessitatibus dolorem in similique fuga. Quia consequatur molestiae maiores dignissimos illum aut. Iste consequatur et rerum culpa sed nulla.
6,259,ARHOLMA,832,Bedroom,Arthur Soltvedt Møbelfabrikk,Quos harum fuga dolor omnis quia magni sint. Consequuntur aliquam neque animi temporibus tenetur. Maxime molestiae recusandae molestiae dolorum.
7,398,ARILD ,452,Bedroom,Artifort,Vel nihil atque ipsam. Fuga ex soluta modi. Dolorem laudantium cumque sapiente fugiat laborum est.
8,215,ARKELSTORP,608,Bedroom,Ashley Furniture Industries,Aut voluptatem corrupti quia et voluptates laudantium quo repellat. Voluptates cumque dolore doloremque libero.
9,320,ARV,526,Bedroom,Bassett Furniture,Eligendi sit et nesciunt placeat porro laudantium. Ex eveniet atque ut quae occaecati quidem quaerat. In aperiam sunt sed magni accusamus.
10,412,ASKHOLMEN,556,Bedroom,Biggs Furniture,Saepe explicabo repudiandae at vel nam similique. Nihil impedit sit sunt vel delectus quod.
11,470,ASKVOLL,642,Bedroom,Black Red White,Officiis fugit distinctio doloribus vitae excepturi. Tenetur autem harum nihil molestiae. Quae ipsa delectus est et.
12,416,ASKVOLL,116,Bedroom,BoConcept,Voluptatum dolor molestiae aut est deserunt hic. Rem velit et neque id in quos. Voluptatem et aut eaque magnam doloremque. Quibusdam dolore maxime id alias.
13,273,AVSIKTLIG,309,Bedroom,Bouclair,Aut non vero animi odio. Consequuntur eum culpa dicta mollitia excepturi excepturi. Qui itaque doloribus voluptatum est id dolores magni. Rem corrupti deserunt omnis quam voluptatem minima et.
14,365,ÅRGÅNG,71,Bedroom,Bush Industries,Magni eos commodi consequatur voluptates explicabo nisi. Assumenda non sint eos ea itaque quod similique. Possimus consequatur dicta quia aliquid ut. Quia nesciunt quibusdam tenetur autem molestiae pariatur enim animi.
15,309,ÅRSTID,955,Bedroom,Cassina S.p.A.,Tenetur qui non rerum exercitationem aut exercitationem maiores architecto. Doloremque nam magni mollitia aut repellendus rerum non. Libero praesentium cupiditate eos nesciunt ad.
16,426,ÄLVÄNGEN,946,Bedroom,Century Plyboards,Asperiores repellendus qui eos impedit nihil qui rem vitae. Aut modi sed ea eaque ab fugiat. Aut eos beatae quasi in dolor beatae. Alias sint nihil et ratione excepturi error labore voluptas.
17,278,ÄNGLAND,903,Bedroom,Chamber of Furniture Industries of the Philippines,Ea non nesciunt velit hic quidem dolorum adipisci. Aut qui molestiae quidem hic. Molestias ut commodi necessitatibus eaque est minus maxime. Repudiandae in ut dicta voluptatem quo asperiores eius quo. Voluptatem amet et ea libero minima facere.
18,315,ÄPPLARÖ,633,Bedroom,Clairtone,Culpa ratione velit dolores et. Sed aut sequi et quasi aliquam. Harum modi aut vitae iusto eum mollitia.
19,227,BACKIG,430,Bedroom,Coalesse,Quo qui porro sunt totam dolor sit. Fuga illum enim aut eligendi adipisci deserunt ullam. Tenetur et asperiores quas illo neque explicabo maxime voluptatem.
20,484,BALUNGEN,501,Bedroom,David Weeks Studio,Corporis sed dolor nostrum eos debitis. Numquam qui iusto aliquam ea eos soluta qui. Molestiae nihil ut ratione recusandae ut a quia. Eius dolor molestiae ut quas reprehenderit ad.
21,218,BASISK,268,Bedroom,Dominion Chair Company,Vitae quisquam beatae neque rerum et. Corporis minus voluptatum ex necessitatibus quos. Iste est quisquam quaerat deleniti. Commodi nulla quaerat consequatur dolores.
22,337,BEHAGA,373,Bedroom,Donghia,Quia neque facere nihil animi. Maxime vel non distinctio eligendi commodi est facere quia. Magni non nihil perferendis nemo voluptate nulla.
23,328,BESTÅENDE,117,Bedroom,Edra,Dicta et doloremque explicabo deserunt assumenda ipsa debitis. Temporibus et quos voluptatum labore. Iure doloribus id aut facilis. Libero cupiditate vero dolor dolor inventore autem tempora quo.
24,293,BETYDLIG RÄCKA HUGAD,12,Bedroom,Ercol,Quo tempora maiores praesentium sint. Dolorem voluptatum sit in. Exercitationem cumque ipsum omnis aliquam.
25,298,BILLY,167,Bedroom,Ethan Allen (furniture company),Atque id officiis eligendi quis eligendi. Et quibusdam et et. Voluptatibus inventore quod eum mollitia voluptatem quod ea. Amet cum odio unde illum.
26,382,BITTERGURKA,149,Bathroom,Farra Design Center,Eveniet quia blanditiis quod culpa. Inventore est ullam dicta. Explicabo quaerat dignissimos quod nihil. Voluptatibus dignissimos enim aliquam.
27,303,BJÖRKSNÄS,718,Bathroom,Gascoigne Leather Furniture,Laudantium sequi fuga est rerum. Aspernatur quis laboriosam culpa veniam. Autem laudantium praesentium aliquid nobis explicabo eligendi est. In a dolore sequi. Dolorem harum quod aut nostrum reiciendis labore quisquam.
28,313,BJÖRKSTA,766,Bathroom,George A. Schastey,Magnam quo autem itaque ut. Est eius dolores doloremque sed similique. Repellendus accusantium sapiente dolorum ut in.
29,224,BJURSTA,979,Bathroom,Gufram,Quidem et natus voluptatum cum amet numquam. Sed facilis commodi labore quae rerum quia ea. Cum officia eaque rerum occaecati. Id occaecati similique velit quia id quibusdam.
30,477,BLANDA,297,Bathroom,Herman Miller (manufacturer),Maxime nobis qui nobis consequatur qui dolores consequatur voluptatibus. Velit amet dolorem corrupti. Esse commodi officiis suscipit.
31,211,BLOMSTER,411,Bathroom,Herter Brothers,Harum ipsa amet natus in eos. Adipisci quaerat consequatur eum reprehenderit. Velit iusto et dolor consequatur et. Temporibus dolores maiores sapiente nihil.
32,403,BRIMNES,933,Bathroom,Herts Brothers,Sequi et quo pariatur. At cupiditate sunt libero consequatur repellat et qui. Fuga molestias aut esse optio sed voluptatibus delectus aut. Sit totam repudiandae incidunt. Nisi quidem aspernatur quaerat veniam cupiditate rerum et.
33,273,BRIMNES,637,Bathroom,Hille (furniture),Vel aut minima ex. Voluptatibus qui quia quia voluptatibus. Nam nemo dolor officia iusto sunt. Culpa dolor ea odit voluptatem ad.
34,443,BROGRUND,359,Bathroom,HNI Corporation,Dolorum necessitatibus consequatur eaque animi. Illum aliquid odit quas qui ullam.
35,223,BRUSALI,909,Bathroom,The HON Company,Facere consequatur ipsa molestiae facilis aliquam. Voluptatem eius maiores dolorem eos. Rerum consequatur aliquam qui sapiente et sequi dolore.
36,204,BUSUNGE,910,Bathroom,Hülsta,Eum at reiciendis ut illo aut quod aut. A eligendi dolore expedita quasi suscipit nisi incidunt. Nulla incidunt quidem aspernatur rerum ipsam magni magnam. Sit incidunt aliquid aliquam quos fuga odit rerum.
37,485,BYGEL,118,Bathroom,IKEA,Ut repellat aperiam deserunt doloremque excepturi sed et. Molestias quo voluptatem animi qui perferendis quia. Nam et et saepe dolorum praesentium delectus sit. Numquam unde reiciendis eaque officia cum possimus velit.
38,234,Celebration,863,Bathroom,Instyle Furniture,Repellendus ut nesciunt provident aspernatur nam eveniet. Magnam tempora nemo laudantium qui rem. Aut qui fuga accusantium rerum.
39,265,CHARMTROLL,534,Bathroom,Iris Ohyama,Voluptas minus distinctio architecto. Natus tempore aut dolore ratione aspernatur atque non. Dolor nobis facere commodi non architecto consequatur. Ut nostrum aut delectus doloribus voluptatum eos vel.
40,370,Delightful,442,Bathroom,User:Jcfelty10/sandbox,Cupiditate sit dolorem laudantium laudantium est. Incidunt facilis molestiae necessitatibus voluptatibus natus aspernatur laborum. Itaque deleniti consequuntur et et dolores. Sed ut quibusdam aut.
41,403,DINERA,224,Bathroom,Karges Furniture,Voluptas nihil dolorem explicabo. Numquam temporibus tempore non sit. Eum tenetur beatae distinctio quia vel. Minus et maiores praesentium doloremque minima dignissimos recusandae.
42,399,DIODER,319,Bathroom,Kartell,Voluptatibus voluptas quibusdam illum ut praesentium explicabo temporibus. Deleniti occaecati blanditiis vel ex optio. Nisi est qui perspiciatis nostrum. Reprehenderit quia aut asperiores consequuntur quis.
43,265,DJUNGELSKOG,757,Bedroom,Kimbel and Cabus,Non et adipisci cum aperiam libero. Consequatur unde nisi nam delectus. Libero maxime est repellendus. Et accusamus in assumenda.
44,419,DOKUMENT,947,Bathroom,King Living,Sed necessitatibus dolorem in similique fuga. Quia consequatur molestiae maiores dignissimos illum aut. Iste consequatur et rerum culpa sed nulla.
45,343,DRAGON,641,Kitchen,Sunita Kohli,Quos harum fuga dolor omnis quia magni sint. Consequuntur aliquam neque animi temporibus tenetur. Maxime molestiae recusandae molestiae dolorum.
46,272,DROPPAR,249,Living room,Jacob & Josef Kohn,Vel nihil atque ipsam. Fuga ex soluta modi. Dolorem laudantium cumque sapiente fugiat laborum est.
47,408,DUKTIG,62,Outdoor,La-Z-Boy,Aut voluptatem corrupti quia et voluptates laudantium quo repellat. Voluptates cumque dolore doloremque libero.
48,371,DYNAN,219,Bedroom,Legare Furniture,Eligendi sit et nesciunt placeat porro laudantium. Ex eveniet atque ut quae occaecati quidem quaerat. In aperiam sunt sed magni accusamus.
49,247,DYRGRIP,14,Bathroom,Memphis Furniture,Saepe explicabo repudiandae at vel nam similique. Nihil impedit sit sunt vel delectus quod.
50,266,EFTERTANKE,206,Kitchen,Merillat Industries,Officiis fugit distinctio doloribus vitae excepturi. Tenetur autem harum nihil molestiae. Quae ipsa delectus est et.
51,268,EKBY,184,Living room,Mity-Lite,Voluptatum dolor molestiae aut est deserunt hic. Rem velit et neque id in quos. Voluptatem et aut eaque magnam doloremque. Quibusdam dolore maxime id alias.
52,454,EKEDALEN,535,Outdoor,Modernform Group,Aut non vero animi odio. Consequuntur eum culpa dicta mollitia excepturi excepturi. Qui itaque doloribus voluptatum est id dolores magni. Rem corrupti deserunt omnis quam voluptatem minima et.
53,427,EKET,338,Bedroom,Molinari (design),Magni eos commodi consequatur voluptates explicabo nisi. Assumenda non sint eos ea itaque quod similique. Possimus consequatur dicta quia aliquid ut. Quia nesciunt quibusdam tenetur autem molestiae pariatur enim animi.
54,406,EKLOG,645,Bathroom,Mount Airy Mantle and Table Company,Tenetur qui non rerum exercitationem aut exercitationem maiores architecto. Doloremque nam magni mollitia aut repellendus rerum non. Libero praesentium cupiditate eos nesciunt ad.
55,215,EKTORP,630,Kitchen,MPF Industry Group,Asperiores repellendus qui eos impedit nihil qui rem vitae. Aut modi sed ea eaque ab fugiat. Aut eos beatae quasi in dolor beatae. Alias sint nihil et ratione excepturi error labore voluptas.
56,387,ENUDDEN,906,Living room,Natuzzi,Ea non nesciunt velit hic quidem dolorum adipisci. Aut qui molestiae quidem hic. Molestias ut commodi necessitatibus eaque est minus maxime. Repudiandae in ut dicta voluptatem quo asperiores eius quo. Voluptatem amet et ea libero minima facere.
57,369,ERIK,405,Outdoor,Neotu Gallery,Culpa ratione velit dolores et. Sed aut sequi et quasi aliquam. Harum modi aut vitae iusto eum mollitia.
58,385,FÄRGRIK,251,Living room,Nick Scali Furniture,Quo qui porro sunt totam dolor sit. Fuga illum enim aut eligendi adipisci deserunt ullam. Tenetur et asperiores quas illo neque explicabo maxime voluptatem.
59,308,FÄRLÖV,301,Living room,Nilkamal Plastics,Corporis sed dolor nostrum eos debitis. Numquam qui iusto aliquam ea eos soluta qui. Molestiae nihil ut ratione recusandae ut a quia. Eius dolor molestiae ut quas reprehenderit ad.
60,207,FINSTILT,251,Living room,Nowy Styl,Vitae quisquam beatae neque rerum et. Corporis minus voluptatum ex necessitatibus quos. Iste est quisquam quaerat deleniti. Commodi nulla quaerat consequatur dolores.
61,343,FINTORP,920,Living room,Otobi,Quia neque facere nihil animi. Maxime vel non distinctio eligendi commodi est facere quia. Magni non nihil perferendis nemo voluptate nulla.
62,404,FISKBO,447,Living room,Pacific Green,Dicta et doloremque explicabo deserunt assumenda ipsa debitis. Temporibus et quos voluptatum labore. Iure doloribus id aut facilis. Libero cupiditate vero dolor dolor inventore autem tempora quo.
63,492,FIXA,102,Living room,Poltrona Frau,Quo tempora maiores praesentium sint. Dolorem voluptatum sit in. Exercitationem cumque ipsum omnis aliquam.
64,373,FJÄLLA,182,Living room,Quinze & Milan,Atque id officiis eligendi quis eligendi. Et quibusdam et et. Voluptatibus inventore quod eum mollitia voluptatem quod ea. Amet cum odio unde illum.
65,439,FJÄLLBO,328,Living room,Roche Bobois,Eveniet quia blanditiis quod culpa. Inventore est ullam dicta. Explicabo quaerat dignissimos quod nihil. Voluptatibus dignissimos enim aliquam.
66,259,FLIMRA,198,Living room,Royale Furniture Holdings,Laudantium sequi fuga est rerum. Aspernatur quis laboriosam culpa veniam. Autem laudantium praesentium aliquid nobis explicabo eligendi est. In a dolore sequi. Dolorem harum quod aut nostrum reiciendis labore quisquam.
67,326,FLISAT,772,Living room,S. Karpen & Bros.,Magnam quo autem itaque ut. Est eius dolores doloremque sed similique. Repellendus accusantium sapiente dolorum ut in.
68,433,GALANT,960,Living room,Sagus International,Quidem et natus voluptatum cum amet numquam. Sed facilis commodi labore quae rerum quia ea. Cum officia eaque rerum occaecati. Id occaecati similique velit quia id quibusdam.
69,214,GLASIG,929,Living room,Sauder Woodworking Company,Maxime nobis qui nobis consequatur qui dolores consequatur voluptatibus. Velit amet dolorem corrupti. Esse commodi officiis suscipit.
70,421,GLÖDA,222,Living room,Savimex,Harum ipsa amet natus in eos. Adipisci quaerat consequatur eum reprehenderit. Velit iusto et dolor consequatur et. Temporibus dolores maiores sapiente nihil.
71,310,GODMORGON,145,Living room,Sedus,Sequi et quo pariatur. At cupiditate sunt libero consequatur repellat et qui. Fuga molestias aut esse optio sed voluptatibus delectus aut. Sit totam repudiandae incidunt. Nisi quidem aspernatur quaerat veniam cupiditate rerum et.
72,206,GOSIG,537,Living room,Šipad,Vel aut minima ex. Voluptatibus qui quia quia voluptatibus. Nam nemo dolor officia iusto sunt. Culpa dolor ea odit voluptatem ad.
73,395,GRANEMO,963,Living room,Sofa Workshop,Dolorum necessitatibus consequatur eaque animi. Illum aliquid odit quas qui ullam.
74,484,HÅLLÖ,492,Kitchen,Spectrum Industries,Facere consequatur ipsa molestiae facilis aliquam. Voluptatem eius maiores dolorem eos. Rerum consequatur aliquam qui sapiente et sequi dolore.
75,310,HEDERLIG,39,Kitchen,Starmark,Eum at reiciendis ut illo aut quod aut. A eligendi dolore expedita quasi suscipit nisi incidunt. Nulla incidunt quidem aspernatur rerum ipsam magni magnam. Sit incidunt aliquid aliquam quos fuga odit rerum.
76,290,HEJSAN,510,Kitchen,Steelcase,Ut repellat aperiam deserunt doloremque excepturi sed et. Molestias quo voluptatem animi qui perferendis quia. Nam et et saepe dolorum praesentium delectus sit. Numquam unde reiciendis eaque officia cum possimus velit.
77,406,HEKTAR,945,Kitchen,Stoll Giroflex,Repellendus ut nesciunt provident aspernatur nam eveniet. Magnam tempora nemo laudantium qui rem. Aut qui fuga accusantium rerum.
78,450,HEMGJORD,243,Kitchen,Tendo Mokko,Voluptas minus distinctio architecto. Natus tempore aut dolore ratione aspernatur atque non. Dolor nobis facere commodi non architecto consequatur. Ut nostrum aut delectus doloribus voluptatum eos vel.
79,419,HEMMAFEST,560,Kitchen,Thomasville Furniture Industries,Cupiditate sit dolorem laudantium laudantium est. Incidunt facilis molestiae necessitatibus voluptatibus natus aspernatur laborum. Itaque deleniti consequuntur et et dolores. Sed ut quibusdam aut.
80,368,HEMNES,379,Kitchen,Gebrüder Thonet,Voluptas nihil dolorem explicabo. Numquam temporibus tempore non sit. Eum tenetur beatae distinctio quia vel. Minus et maiores praesentium doloremque minima dignissimos recusandae.
81,321,IDEALISK,635,Kitchen,Turnstone (company),Voluptatibus voluptas quibusdam illum ut praesentium explicabo temporibus. Deleniti occaecati blanditiis vel ex optio. Nisi est qui perspiciatis nostrum. Reprehenderit quia aut asperiores consequuntur quis.
82,283,IKEA 365+,321,Kitchen,Varidesk,Non et adipisci cum aperiam libero. Consequatur unde nisi nam delectus. Libero maxime est repellendus. Et accusamus in assumenda.
83,397,KAFFEREP,828,Kitchen,Vitsœ,Sed necessitatibus dolorem in similique fuga. Quia consequatur molestiae maiores dignissimos illum aut. Iste consequatur et rerum culpa sed nulla.
84,462,KALKGRUND,436,Kitchen,Warisan Furniture,Quos harum fuga dolor omnis quia magni sint. Consequuntur aliquam neque animi temporibus tenetur. Maxime molestiae recusandae molestiae dolorum.
85,453,KALLAX,362,Kitchen,All-Steel Equipment Company,Vel nihil atque ipsam. Fuga ex soluta modi. Dolorem laudantium cumque sapiente fugiat laborum est.
86,365,KÄNNETECKEN,384,Kitchen,American Seating,Aut voluptatem corrupti quia et voluptates laudantium quo repellat. Voluptates cumque dolore doloremque libero.
87,222,KÄRESTA,469,Kitchen,American Signature,Eligendi sit et nesciunt placeat porro laudantium. Ex eveniet atque ut quae occaecati quidem quaerat. In aperiam sunt sed magni accusamus.
88,358,KIVIK,792,Kitchen,Arflex,Saepe explicabo repudiandae at vel nam similique. Nihil impedit sit sunt vel delectus quod.
89,383,KLÄMMIG,918,Kitchen,Artek (company),Officiis fugit distinctio doloribus vitae excepturi. Tenetur autem harum nihil molestiae. Quae ipsa delectus est et.
90,441,KNALLA,321,Kitchen,Arthur Soltvedt Møbelfabrikk,Voluptatum dolor molestiae aut est deserunt hic. Rem velit et neque id in quos. Voluptatem et aut eaque magnam doloremque. Quibusdam dolore maxime id alias.
91,377,KNOPPÄNG,219,Kitchen,Artifort,Aut non vero animi odio. Consequuntur eum culpa dicta mollitia excepturi excepturi. Qui itaque doloribus voluptatum est id dolores magni. Rem corrupti deserunt omnis quam voluptatem minima et.
92,469,KNOXHULT,277,Kitchen,Ashley Furniture Industries,Magni eos commodi consequatur voluptates explicabo nisi. Assumenda non sint eos ea itaque quod similique. Possimus consequatur dicta quia aliquid ut. Quia nesciunt quibusdam tenetur autem molestiae pariatur enim animi.
93,395,KONCIS,247,Outdoor,Bassett Furniture,Tenetur qui non rerum exercitationem aut exercitationem maiores architecto. Doloremque nam magni mollitia aut repellendus rerum non. Libero praesentium cupiditate eos nesciunt ad.
94,358,MACKAPÄR,24,Outdoor,Biggs Furniture,Asperiores repellendus qui eos impedit nihil qui rem vitae. Aut modi sed ea eaque ab fugiat. Aut eos beatae quasi in dolor beatae. Alias sint nihil et ratione excepturi error labore voluptas.
95,258,MÅLA,948,Outdoor,Black Red White,Ea non nesciunt velit hic quidem dolorum adipisci. Aut qui molestiae quidem hic. Molestias ut commodi necessitatibus eaque est minus maxime. Repudiandae in ut dicta voluptatem quo asperiores eius quo. Voluptatem amet et ea libero minima facere.
96,244,MALM,757,Outdoor,BoConcept,Culpa ratione velit dolores et. Sed aut sequi et quasi aliquam. Harum modi aut vitae iusto eum mollitia.
97,475,MAMMUT,778,Outdoor,Bouclair,Quo qui porro sunt totam dolor sit. Fuga illum enim aut eligendi adipisci deserunt ullam. Tenetur et asperiores quas illo neque explicabo maxime voluptatem.
98,477,MÅNGFALD,531,Outdoor,Bush Industries,Corporis sed dolor nostrum eos debitis. Numquam qui iusto aliquam ea eos soluta qui. Molestiae nihil ut ratione recusandae ut a quia. Eius dolor molestiae ut quas reprehenderit ad.
99,360,MARIETORP,860,Outdoor,Cassina S.p.A.,Vitae quisquam beatae neque rerum et. Corporis minus voluptatum ex necessitatibus quos. Iste est quisquam quaerat deleniti. Commodi nulla quaerat consequatur dolores.
100,273,MASTHOLMEN,453,Outdoor,Century Plyboards,Quia neque facere nihil animi. Maxime vel non distinctio eligendi commodi est facere quia. Magni non nihil perferendis nemo voluptate nulla.
101,425,MICKE,881,Outdoor,Chamber of Furniture Industries of the Philippines,Dicta et doloremque explicabo deserunt assumenda ipsa debitis. Temporibus et quos voluptatum labore. Iure doloribus id aut facilis. Libero cupiditate vero dolor dolor inventore autem tempora quo.
102,230,OFANTLIGT,880,Outdoor,Clairtone,Quo tempora maiores praesentium sint. Dolorem voluptatum sit in. Exercitationem cumque ipsum omnis aliquam.
103,444,OFTAST,30,Outdoor,Coalesse,Atque id officiis eligendi quis eligendi. Et quibusdam et et. Voluptatibus inventore quod eum mollitia voluptatem quod ea. Amet cum odio unde illum.
104,324,OLAUS,818,Outdoor,David Weeks Studio,Eveniet quia blanditiis quod culpa. Inventore est ullam dicta. Explicabo quaerat dignissimos quod nihil. Voluptatibus dignissimos enim aliquam.
105,242,OLUNDA,68,Outdoor,Dominion Chair Company,Laudantium sequi fuga est rerum. Aspernatur quis laboriosam culpa veniam. Autem laudantium praesentium aliquid nobis explicabo eligendi est. In a dolore sequi. Dolorem harum quod aut nostrum reiciendis labore quisquam.
106,435,OMEDELBAR,85,Outdoor,Donghia,Magnam quo autem itaque ut. Est eius dolores doloremque sed similique. Repellendus accusantium sapiente dolorum ut in.
107,264,UDDEN,972,Outdoor,Edra,Quidem et natus voluptatum cum amet numquam. Sed facilis commodi labore quae rerum quia ea. Cum officia eaque rerum occaecati. Id occaecati similique velit quia id quibusdam.
108,421,UNDREDAL,668,Outdoor,Ercol,Maxime nobis qui nobis consequatur qui dolores consequatur voluptatibus. Velit amet dolorem corrupti. Esse commodi officiis suscipit.
109,217,UPPFATTA,93,Outdoor,Ethan Allen (furniture company),Harum ipsa amet natus in eos. Adipisci quaerat consequatur eum reprehenderit. Velit iusto et dolor consequatur et. Temporibus dolores maiores sapiente nihil.
